<Type name="peanut">
  <MetaData>
    <UItype>CSUserInterface.EmptyUI</UItype>
    <IsCrop>Yes</IsCrop>
    <ShowInMainTree>Yes</ShowInMainTree>
    <Image>%apsim%\UserInterface\Images\peanut.jpg</Image>
    <Description>Most APSIM crop or plant modules do not require extra user input.  Crop specific parameters are either provided for your chosen soil, or are captured as part of the standard model validation process.</Description>
    <Documentation>%apsim%\Documentation\4 Module Reference\Peanut.htm</Documentation>
    <Documentation name="Generic plant documentation">%apsim%\Documentation\4 Module Reference\Plant.htm</Documentation>
    <LargeIcon>%apsim%\UserInterface\Images\peanut32.png</LargeIcon>
    <SmallIcon>%apsim%\UserInterface\Images\peanut16.png</SmallIcon>
    <dll>%apsim%/Model/Plant.%dllext%</dll>
    <drops>
      <drop>toolbox</drop>
      <drop>area</drop>
      <drop>simulation</drop>
      <drop>folder</drop>
    </drops>
    <ApsimToSim>
      <component name="[peanut.name]" executable="[dll]" class="Plant.Peanut">
        <executable name="[dll]" version="1.0" />
        <initdata>
               [Model]
               <ll>[soil.[InstanceName] ll]</ll><kl>[soil.[InstanceName] kl]</kl><xf>[soil.[InstanceName] xf]</xf></initdata>
      </component>
    </ApsimToSim>
  </MetaData>
  <Model>
    <!--  Last Change:   JNGH/AMW         17 Nov 2004 -
      Added Pigeon pea P constants.
      Last Change:   JNGH/MJR         26 March 2003 -
      Configuration constants have been altered
      Externalisation of phenology after harvest -
      When the crop is harvested, phenology is wound back to a previous stage.
      This has been externalised in a table in the ini file.
      The table used is defined by two keywords -  stage_code and stage_stem_reduction_harvest.
      This allows definition of a new stage to follow harvesting within any phenological stage.
      New Kill_stem manager action for severe frosting of perennials -
      A new kill_stem manager action e.g. lucerne kill_stem.
      When this action is used, phenology is wound back using a new table specified in the ini file.
      The keywords are - stage_code and stage_stem_reduction_kill_stem.
      On this action, the regrowth class is read from the ini file, as for a harvest action.
      Interpolation of rue against phenological stage -
      Rue is now interpolated from a table read from the ini file.
      The table is specified by the two keywords - x_stage_code_rue and  y_rue where y_rue is the rue
      at the corresponding stage in x_stage_code_rue. The previous rue keyword is now obsolete.
      A new optional cultivar parameter eo_crop_factor has been implemented. This is used to limit the
      soilwater demand by the transpiration efficiency method. The limit is calculated as
      eo_crop_factor * eo * cover_green. A default (eo_crop_factor_default) is read from the ini file and
      is currently to 100 so it is effectively turned off for backwards compatibility.
      Unused configuration constants removed -
      X_temp_grain
      Y_grain_rate
      Leaf_app_rate1
      Leaf_app_rate2
      Leaf_no_rate_change
      Last change:  MJR 12 Dec 2000
      ***********************************************************************************************************
      CONSTANTS  - SPECIES-SPECIFIC PARAMETERS
      ***********************************************************************************************************
      -->
    <options>
      <Environment />
      <Population />
      <Fixation />
      <Phenology />
      <Root />
      <GenericArbitrator />
      <GenericLeaf name="leaf" />
      <Stem />
      <CompositePart name="Fruit">
        <FruitCohort name="Cohort1">
          <FruitPodPart name="Pod" />
          <FruitGrainPartHI name="Grain" />
        </FruitCohort>
      </CompositePart>
      <Parts name="Tops">
        <Leaf />
        <Stem />
        <Fruit />
      </Parts>
      <Parts name="Grain1">
        <Fruit.Cohort1.Grain />
      </Parts>
    </options>
    <RadiationPartitioningOrder>fruit leaf</RadiationPartitioningOrder>
    <crop_type>peanut</crop_type>
    <default_crop_class>plant</default_crop_class>
    <default_cultivar>virginia_bunch</default_cultivar>
    <!-- %%%%%%%%%%%%%%%%%%%%%%%%%%%%%%%%%%%%%%%%%%%%%%%%%%%%%%%%%%%%%%%%%%%%%%%%%%%%%%%%%%%%%%%%%%%%%%%%%%%%%%%%%%%
      SECTION 10 - PHOSPHORUS RELATIONS, UPTAKE AND STRESS FACTORS
      %%%%%%%%%%%%%%%%%%%%%%%%%%%%%%%%%%%%%%%%%%%%%%%%%%%%%%%%%%%%%%%%%%%%%%%%%%%%%%%%%%%%%%%%%%%%%%%%%%%%%%%%%%%
      ______________________________________________________________________________
      PHOSPHORUS CONCENTRATION LIMITS: MAXIMUM, MINIMUM AND SENESCED P CONCENTRATIONS
      -->
    <stress_determinants description="stem meal">leaf </stress_determinants>
    <yield_parts>meal oil</yield_parts>
    <!--  jpd - added in leaf
      -->
    <retrans_parts>leaf stem</retrans_parts>
    <pfact_photo_slope>1.0</pfact_photo_slope>
    <pfact_expansion_slope>2</pfact_expansion_slope>
    <pfact_pheno_slope>20</pfact_pheno_slope>
    <pfact_grain_slope>10</pfact_grain_slope>
    <!--  jpd - currently using conc as set for gnut
      -->
    <x_p_stage_code description="stage code used in table">3        6        9</x_p_stage_code>
    <y_p_conc_max_leaf description="leaf maximum P conc.">0.0050   0.0035   0.0030</y_p_conc_max_leaf>
    <y_p_conc_min_leaf description="leaf minimum P conc.">0.0030   0.0025   0.0020</y_p_conc_min_leaf>
    <y_p_conc_sen_leaf description="leaf senesced P conc.">0.0018   0.0018   0.0018</y_p_conc_sen_leaf>
    <y_p_conc_max_stem description="stem maximum P conc.">0.0045   0.0032   0.0020</y_p_conc_max_stem>
    <y_p_conc_min_stem description="stem minimum P conc.">0.0035   0.0022   0.0015</y_p_conc_min_stem>
    <y_p_conc_sen_stem description="stem senesced P conc.">0.0013   0.0013   0.0013</y_p_conc_sen_stem>
    <y_p_conc_max_root description="root maximum P conc. !assume P conc in roots non-varying">0.0015   0.0015   0.0015</y_p_conc_max_root>
    <y_p_conc_min_root description="root minimum P conc.">0.0015   0.0015   0.0015</y_p_conc_min_root>
    <y_p_conc_sen_root description="root senesced P conc.">0.0015   0.0015   0.0015</y_p_conc_sen_root>
    <y_p_conc_max_pod description="pod maximum P conc.">0.0000   0.0053   0.0012</y_p_conc_max_pod>
    <y_p_conc_min_pod description="pod minimum P conc.">0.0000   0.0045   0.0008</y_p_conc_min_pod>
    <y_p_conc_sen_pod description="pod senesced P conc.">0.0000   0.0008   0.0008</y_p_conc_sen_pod>
    <y_p_conc_max_meal description="meal maximum P conc.">0.0000   0.0050   0.0034</y_p_conc_max_meal>
    <y_p_conc_min_meal description="meal minimum P conc.">0.0000   0.0033   0.0025</y_p_conc_min_meal>
    <y_p_conc_sen_meal description="meal senesced P conc.">0.0000   0.0025   0.0025</y_p_conc_sen_meal>
    <y_p_conc_max_oil description="oil maximum P conc. ! no oil in pigeonpea">0.0001   0.0001   0.0001</y_p_conc_max_oil>
    <y_p_conc_min_oil description="oil minimum P conc.">0.0001   0.0001   0.0001</y_p_conc_min_oil>
    <y_p_conc_sen_oil description="oil senesced P conc.">0.0001   0.0001   0.0001</y_p_conc_sen_oil>
    <leaf_p_conc_init>0.0050</leaf_p_conc_init>
    <stem_p_conc_init>0.0045</stem_p_conc_init>
    <root_p_conc_init>0.0015</root_p_conc_init>
    <pod_p_conc_init>0.0053</pod_p_conc_init>
    <meal_p_conc_init>0.0050</meal_p_conc_init>
    <oil_p_conc_init>0.0001</oil_p_conc_init>
    <!--  jpd - conc for PP as read by Merv from Suchi data
      x_p_stage_code          = 3        6        9        () ! stage code used in table
      y_p_conc_max_leaf       = 0.0045   0.0035   0.0022   () ! leaf maximum P conc.
      y_p_conc_min_leaf       = 0.0040   0.0025   0.0014   () ! leaf minimum P conc.
      y_p_conc_sen_leaf       = 0.0014   0.0014   0.0014   () ! leaf senesced P conc.
      y_p_conc_max_stem       = 0.0040   0.0030   0.0023   () ! stem maximum P conc.
      y_p_conc_min_stem       = 0.0028   0.0022   0.0010   () ! stem minimum P conc.
      y_p_conc_sen_stem       = 0.0010   0.0010   0.0010   () ! stem senesced P conc.
      y_p_conc_max_root       = 0.0015   0.0015   0.0015   () ! root maximum P conc. !assume P conc in roots non-varying
      y_p_conc_min_root       = 0.0015   0.0015   0.0015   () ! root minimum P conc.
      y_p_conc_sen_root       = 0.0015   0.0015   0.0015   () ! root senesced P conc.
      y_p_conc_max_pod       = 0.0000   0.0050   0.0030   () ! pod maximum P conc.
      y_p_conc_min_pod       = 0.0000   0.0035   0.0012   () ! pod minimum P conc.
      y_p_conc_sen_pod       = 0.0000   0.0012   0.0012   () ! pod senesced P conc.
      y_p_conc_max_meal       = 0.0000   0.0055   0.0050   () ! meal maximum P conc.
      y_p_conc_min_meal       = 0.0000   0.0040   0.0030   () ! meal minimum P conc.
      y_p_conc_sen_meal       = 0.0000   0.0030   0.0030   () ! meal senesced P conc.
      y_p_conc_max_oil       = 0.0001   0.0001   0.0001   () ! oil maximum P conc. ! no oil in pigeonpea
      y_p_conc_min_oil       = 0.0001   0.0001   0.0001   () ! oil minimum P conc.
      y_p_conc_sen_oil       = 0.0001   0.0001   0.0001   () ! oil senesced P conc.
      p_conc_init_leaf = 0.0045
      p_conc_init_stem = 0.0040
      p_conc_init_root = 0.0015
      p_conc_init_pod  = 0.0050
      p_conc_init_meal = 0.0055
      p_conc_init_oil  = 0.0001
      %%%%%%%%%%%%%%%%%%%%%%%%%%%%%%%%%%%%%%%%%%%%%%%%%%%%%%%%%%%%%%%%%%%%%%%%%%%%%%%%%%%%%%%%%%%%%%%%%%%%%%%%%%%
      SECTION - VALUE LIMITS - MAX AND MINS
      %%%%%%%%%%%%%%%%%%%%%%%%%%%%%%%%%%%%%%%%%%%%%%%%%%%%%%%%%%%%%%%%%%%%%%%%%%%%%%%%%%%%%%%%%%%%%%%%%%%%%%%%%%%
      ______________________________________________________________________________
      OTHER VARIABLES
      limits set to check inputs
      -->
    <sw_ub>1.0</sw_ub>
    <sw_lb>0.0</sw_lb>
    <year_ub description="year upper limit">2000</year_ub>
    <year_lb description="year lower limit">1800</year_lb>
    <latitude_ub units="oL" description="latitude upper limit">90</latitude_ub>
    <latitude_lb units="oL" description="latitude lower limit">-90</latitude_lb>
    <maxt_ub units="oC" description="max. temperature upper limit">55</maxt_ub>
    <maxt_lb units="oC" description="max. temperature lower limit">0</maxt_lb>
    <mint_ub units="oC" description="min. temperature upper limit">40</mint_ub>
    <mint_lb units="oC" description="min. temperature lower limit">-10</mint_lb>
    <radn_ub units="MJ/m^2" description="radiation upper limit">50</radn_ub>
    <radn_lb units="MJ/m^2" description="radiation lower limit">1</radn_lb>
    <dlayer_ub units="mm" description="layer depth upper limit">1000</dlayer_ub>
    <dlayer_lb units="mm" description="layer depth lower limit">0</dlayer_lb>
    <dul_dep_ub units="mm" description="drained upper limit upper limit">1000</dul_dep_ub>
    <dul_dep_lb units="mm" description="drained upper limit lower limit">0</dul_dep_lb>
    <sw_dep_ub units="mm" description="soil water upper limit">1000</sw_dep_ub>
    <sw_dep_lb units="mm" description="soil water lower limit">0</sw_dep_lb>
    <no3_ub units="kg/ha" description="soil nitrate upper limit">10000</no3_ub>
    <no3_lb units="kg/ha" description="soil nitrate lower limit">0</no3_lb>
    <no3_min_ub units="kg/ha" description="min. soil nitrate upper limit">10000</no3_min_ub>
    <no3_min_lb units="kg/ha" description="min. soil nitrate lower limit">0</no3_min_lb>
    <nh4_ub units="kg/ha" description="soil ammonium upper limit">10000</nh4_ub>
    <nh4_lb units="kg/ha" description="soil ammonium lower limit">0</nh4_lb>
    <nh4_min_ub units="kg/ha" description="min. soil ammonium upper limit">10000</nh4_min_ub>
    <nh4_min_lb units="kg/ha" description="min. soil ammonium lower limit">0</nh4_min_lb>
    <!-- %%%%%%%%%%%%%%%%%%%%%%%%%%%%%%%%%%%%%%%%%%%%%%%%%%%%%%%%%%%%%%%%%%%%%%%%%%%%%%%%%%%%%%%%%%%%%%%%%%%%%%%%%%%
      SECTION - CROP PHENOLOGY: Stage and Phase names
      %%%%%%%%%%%%%%%%%%%%%%%%%%%%%%%%%%%%%%%%%%%%%%%%%%%%%%%%%%%%%%%%%%%%%%%%%%%%%%%%%%%%%%%%%%%%%%%%%%%%%%%%%%%
      -->
    <stage_code_list>1         2          3         4                5               6           7               8             9            10       12</stage_code_list>
    <phase_names>sowing germination emergence end_of_juvenile floral_initiation flowering start_grain_fill end_grain_fill maturity harvest_ripe end_crop</phase_names>
    <phase_type>sowing    emergent   inductive     photo            photo         photo        photo           fixed       fixed      fixed      waiting</phase_type>
    <composite_phases>under_ground above_ground grainfill reproductive leaf_senescence vernalisation  emergence2floral_initiation preflowering node_formation start_grain_fill2harvest_ripe hi_stress_sensitive stress_reporting  n_stress</composite_phases>
    <under_ground>sowing germination</under_ground>
    <above_ground>emergence end_of_juvenile floral_initiation flowering start_grain_fill end_grain_fill maturity harvest_ripe</above_ground>
    <leaf_senescence>flowering start_grain_fill end_grain_fill maturity harvest_ripe</leaf_senescence>
    <reproductive>flowering start_grain_fill end_grain_fill</reproductive>
    <grainfill>start_grain_fill end_grain_fill</grainfill>
    <vernalisation>germination emergence end_of_juvenile</vernalisation>
    <emergence2floral_initiation>emergence end_of_juvenile floral_initiation</emergence2floral_initiation>
    <start_grain_fill2harvest_ripe>start_grain_fill end_grain_fill maturity</start_grain_fill2harvest_ripe>
    <preflowering>emergence end_of_juvenile floral_initiation</preflowering>
    <node_formation>emergence end_of_juvenile floral_initiation flowering start_grain_fill end_grain_fill</node_formation>
    <hi_stress_sensitive>flowering</hi_stress_sensitive>
    <stress_reporting>end_of_juvenile floral_initiation flowering start_grain_fill end_grain_fill</stress_reporting>
    <n_stress>emergence end_of_juvenile floral_initiation flowering start_grain_fill end_grain_fill maturity harvest_ripe</n_stress>
    <plant class="yes">
      <class_action>harvest</class_action>
      <class_change>unchanged</class_change>
      <partition_option>1</partition_option>
      <partitionparts>root  fruit  leaf stem</partitionparts>
      <partitionrules>magic demand frac remainder</partitionrules>
      <n_uptake_option>1</n_uptake_option>
      <leaf_no_pot_option>1</leaf_no_pot_option>
      <n_retrans_option>1</n_retrans_option>
      <dm_senescence_option>1</dm_senescence_option>
      <n_senescence_option>1</n_senescence_option>
      <n_stress_option>1</n_stress_option>
      <fruit_no_option>1</fruit_no_option>
      <parasite_option>1</parasite_option>
      <!-- %%%%%%%%%%%%%%%%%%%%%%%%%%%%%%%%%%%%%%%%%%%%%%%%%%%%%%%%%%%%%%%%%%%%%%%%%%%%%%%%%%%%%%%%%%%%%%%%%%%%%%%%%%%
         SECTION 0 - CO2
         %%%%%%%%%%%%%%%%%%%%%%%%%%%%%%%%%%%%%%%%%%%%%%%%%%%%%%%%%%%%%%%%%%%%%%%%%%%%%%%%%%%%%%%%%%%%%%%%%%%%%%%%%%%
         -->
      <co2_default units="ppm">350</co2_default>
      <photosynthetic_pathway units="C3, or C4">C3</photosynthetic_pathway>
      <!-- %%%%%%%%%%%%%%%%%%%%%%%%%%%%%%%%%%%%%%%%%%%%%%%%%%%%%%%%%%%%%%%%%%%%%%%%%%%%%%%%%%%%%%%%%%%%%%%%%%%%%%%%%%%
         SECTION - CROP PHENOLOGY
         %%%%%%%%%%%%%%%%%%%%%%%%%%%%%%%%%%%%%%%%%%%%%%%%%%%%%%%%%%%%%%%%%%%%%%%%%%%%%%%%%%%%%%%%%%%%%%%%%%%%%%%%%%%
         __________________________________________________________________________________________________________-
         STEM REDUCTION EFFECT ON PHENOLOGY
         sow    ger   eme  juv    fi    fl   st_gf end_gf  mat hv_rpe  end
         -->
      <stage_code_list description="numeric code for phenological stages">1      2    3     4     5     6     7      8     9    10     11</stage_code_list>
      <stage_stem_reduction_harvest>1      2    3     3     4     4    11     11    11    11    11</stage_stem_reduction_harvest>
      <stage_stem_reduction_kill_stem>1      2    3     3     4     4    11     11    11    11    11</stage_stem_reduction_kill_stem>
      <!-- __________________________________________________________________________________________________________-
         SEED GERMINATION
         Water stress factor for germination
         -->
      <pesw_germ units="mm/mm" description="plant extractable soil water in seedling layer inadequate for germination (mm/mm)">0.00</pesw_germ>
      <!-- __________________________________________________________________________________________________________-
         EMERGENCE
         -->
      <shoot_lag units="oCd" description="Time lag before linear coleoptile growth starts (deg days)">15.0</shoot_lag>
      <shoot_rate units="oCd/mm" description="Growing deg day increase with depth for coleoptile (deg day/mm depth)">1.5</shoot_rate>
      <!-- Water stress factor for emergence
         -->
      <fasw_emerg description="Fraction of available soil water">0.0  1.0    </fasw_emerg>
      <rel_emerg_rate description="Stress factor for thermal time calculation between germination and emergence">1.0  1.0    </rel_emerg_rate>
      <!-- __________________________________________________________________________________________________________-
         PHOTOPERIOD AND TWILIGHT
         -->
      <twilight units="o" description="Twilight is defined as the interval between sunrise or sunset and the time when the true">-6.0</twilight>
      <!--  centre of the sun is 2.2 degrees below the horizon. Sunrise or sunset is defined as when
         the true centre of the sun is 50' below the horizon.
         __________________________________________________________________________________________________________-
         Vernalisation
         -->
      <x_vernal_temp>0 2  8  15</x_vernal_temp>
      <y_vernal_days>1 1  1    1</y_vernal_days>
      <!-- __________________________________________________________________________________________________________-
         THERMAL TIME CALCULATION
         Thermal time calculation
         -->
      <x_temp units="oC" description="temperature table for thermal time">9.0  29.0  39.0</x_temp>
      <y_tt units="oCd" description="thermal time">0.0  20.0   0.0</y_tt>
      <!-- __________________________________________________________________________________________________________-
         LEAF NUMBER DEVELOPMENT
         currently leaf number at emergence will affect LAI at early stage, leaf_no_seed has no effect on the model, but will have in future
         -->
      <leaf_no_at_emerg description="(expanded) leaf number at emergence ()">2.0     </leaf_no_at_emerg>
      <x_node_no_app>0    6.99 7   20</x_node_no_app>
      <y_node_app_rate>56   56   56  56</y_node_app_rate>
      <x_node_no_leaf>0    3    5   7    12</x_node_no_leaf>
      <y_leaves_per_node>1   4    7   10   12</y_leaves_per_node>
      <x_lai_ratio description="ratio table for critical leaf size below which leaf number is reduced ()">0.0  0.7 1.0</x_lai_ratio>
      <y_leaf_no_frac description="reduction in leaf appearance ()">1.0  1.0 1.0</y_leaf_no_frac>
      <!-- %%%%%%%%%%%%%%%%%%%%%%%%%%%%%%%%%%%%%%%%%%%%%%%%%%%%%%%%%%%%%%%%%%%%%%%%%%%%%%%%%%%%%%%%%%%%%%%%%%%%%%%%%%%
         SECTION 2 - PHOTOSYNTHESIS, BIOMASS GROWTH AND PARTITION
         %%%%%%%%%%%%%%%%%%%%%%%%%%%%%%%%%%%%%%%%%%%%%%%%%%%%%%%%%%%%%%%%%%%%%%%%%%%%%%%%%%%%%%%%%%%%%%%%%%%%%%%%%%%
         %%%%%%%%%%%%%%%%%%%%%%%%%%%%%%%%%%%%%%%%%%%%%%%%%
         PHOTOSYNTHESIS AND RADIATION USE EFFICIENCY (RUE)
         %%%%%%%%%%%%%%%%%%%%%%%%%%%%%%%%%%%%%%%%%%%%%%%%%
         STAGE DEPENDENT RUE
         sow    ger   eme  juv    fi    fl   st_gf end_gf  mat hv_rpe  end
         -->
      <stage_code>1      2    3     4     5     6     7      8     9    10     11</stage_code>
      <!-- x_stage_code_rue = 1      2    3     4     5     6     7      8     9      10    11  ()     ! numeric code for phenological stages
         y_rue            = 0     0    1.20  1.20  1.20  1.20  1.10   0.20  0.00  0.00   0  (g/MJ)
         -->
      <x_stage_rue description="numeric code for phenological stages">1      2    3     4     5     6    6.999  7      7.999  8     8.999  9      10    11</x_stage_rue>
      <y_rue units="g/MJ">0     0    1.20  1.20  1.20  1.20  1.20   1.10   1.10   0.20  0.20   0.00  0.00   0</y_rue>
      <!-- __________________________________________________________________________________________________________-
         EXTINCTION COEFFICIENT
         ROW SPACING DETERMINED
         -->
      <skiprow_default>0</skiprow_default>
      <row_spacing_default units="mm">500</row_spacing_default>
      <x_row_spacing>50   350  1000</x_row_spacing>
      <y_extinct_coef>0.65 0.45 0.40</y_extinct_coef>
      <y_extinct_coef_dead>0.30 0.30 0.30</y_extinct_coef_dead>
      <!-- POD EXTINCTION COEFFICIENT and RUE
         -->
      <extinct_coef_pod>0.</extinct_coef_pod>
      <spec_pod_area units="mm^2/g">0</spec_pod_area>
      <rue_pod units="g/MJ">0</rue_pod>
      <!-- __________________________________________________________________________________________________________-
         TEMPERATURE RESPONSE OF PHOTOSYNTHESIS - RUE
         -->
      <x_ave_temp units="oC" description="mean daily temperature">10.0  21.0  30.0  40.0</x_ave_temp>
      <y_stress_photo description="multiplier on RUE">0.0   1.0   1.0   0.0</y_stress_photo>
      <!-- %%%%%%%%%%%%%%%%%%%%%%%%%%%%%%%%%%%%%%%%%%%%%%%%%
         BIOMASS INITIATION, PARTITION AND TRANSLOCATION
         %%%%%%%%%%%%%%%%%%%%%%%%%%%%%%%%%%%%%%%%%%%%%%%%%
         INITIATION
         -->
      <root_dm_init units="g/plant" description="part weight at emergence">0.1</root_dm_init>
      <leaf_dm_init>0.045</leaf_dm_init>
      <stem_dm_init>0.0</stem_dm_init>
      <pod_dm_init>0.0</pod_dm_init>
      <meal_dm_init>0.0</meal_dm_init>
      <oil_dm_init>0.0</oil_dm_init>
      <!-- __________________________________________________________________________________________________________-
         TRANSLOCATION PARTS
         -->
      <stem_trans_frac description="fraction of stem used in translocation to grain - not used for i_wheat option">0.10</stem_trans_frac>
      <leaf_trans_frac description="fraction of leaf used in translocation to grain">0.10</leaf_trans_frac>
      <pod_trans_frac description="fraction of podwall used in translocation to grain">0.20</pod_trans_frac>
      <meal_trans_frac description="fraction of meal used in translocation to grain">0.00</meal_trans_frac>
      <oil_trans_frac description="fraction of oil used in translocation to grain">0.00</oil_trans_frac>
      <root_trans_frac description="fraction of oil used in translocation to grain">0.00</root_trans_frac>
      <stemGrowthStructuralFractionStage>  7 7.01</stemGrowthStructuralFractionStage>
      <stemGrowthStructuralFraction>  .90 0.0</stemGrowthStructuralFraction>
      <leafGrowthStructuralFractionStage>  7 7.01</leafGrowthStructuralFractionStage>
      <leafGrowthStructuralFraction>  .90 0.0</leafGrowthStructuralFraction>
      <podGrowthStructuralFractionStage>  7 9</podGrowthStructuralFractionStage>
      <podGrowthStructuralFraction>  .80 .80</podGrowthStructuralFraction>
      <!-- __________________________________________________________________________________________________________-
         BIOMASS PARTITIONING
         sow    ger   eme  juv    fi    fl    st_gf end_gf  mat hv_rpe  end
         stage_code           = 1      2    3     4     5     6      7      8     9    10     11   ()
         -->
      <ratio_root_shoot units="0-1">0      0    1.0   1.0   0.33  0.33   0.087  0     0     0      0</ratio_root_shoot>
      <frac_leaf units="0-1" description="fraction of remaining dm allocated to leaves">0      0    0.58  0.58  0.58  0.45   0.45   0     0     0      0</frac_leaf>
      <frac_pod units="0-1" description="fraction of dm allocated to pod or multiplier of grain dm to account for pod dm">0      0    0     0     0     0.18   0.25   0     0     0      0</frac_pod>
      <!-- __________________________________________________________________________________________________________-
         GRAIN NUMBER DETERMINATION
         __________________________________________________________________________________________________________-
         GRAIN FILLING
         -->
      <sw_fac_max description="soil water stress factor maximum">1.125</sw_fac_max>
      <temp_fac_min description="temperature stress factor minimum">0.69</temp_fac_min>
      <sfac_slope description="soil water stress factor slope">-0.125</sfac_slope>
      <tfac_slope description="temperature stress factor slope">0.0125</tfac_slope>
      <carbo_oil_conv_ratio description="Carbohydrate:oil conversion ratio (&gt;= 1.0)">2.2                 </carbo_oil_conv_ratio>
      <grain_oil_conc description="fractional oil content of grain (0-1)">0.50                </grain_oil_conc>
      <!-- __________________________________________________________________________________________________________-
         GRAIN WATER CONTENT
         -->
      <grn_water_cont units="g/g" description="water content of grain g/g">0.13</grn_water_cont>
      <!-- %%%%%%%%%%%%%%%%%%%%%%%%%%%%%%%%%%%%%%%%%%%%%%%%%%%%%%%%%%%%%%%%%%%%%%%%%%%%%%%%%%%%%%%%%%%%%%%%%%%%%%%%%%%
         SECTION 3 - LEAF/STEM/POD AREA GROWTH
         %%%%%%%%%%%%%%%%%%%%%%%%%%%%%%%%%%%%%%%%%%%%%%%%%%%%%%%%%%%%%%%%%%%%%%%%%%%%%%%%%%%%%%%%%%%%%%%%%%%%%%%%%%%
         ______________________________________________________________________________
         LEAF SIZE AS A FUNCTION OF LEAF NUMBER
         -->
      <node_no_correction>1.0</node_no_correction>
      <x_node_no>2     4     6     7    10</x_node_no>
      <y_leaf_size>2000 4000 4000  4000  4000</y_leaf_size>
      <!-- ______________________________________________________________________________
         SPECIFIC LEAF AREA - SLA
         -->
      <x_lai>0     0.3    0.8   1     2      3     4</x_lai>
      <y_sla_max description="maximum specific leaf area for delta LAI">35000 30000  25000 20000 20000  20000 20000   </y_sla_max>
      <sla_min description="minimum specific leaf area for delta LAI">10000           </sla_min>
      <!-- ______________________________________________________________________________
         TPLA  - USED TO INTIALISE THE INITIAL LAI
         -->
      <initial_tpla units="mm^2/plant" description="initial total plant leaf area">600.0</initial_tpla>
      <!-- ______________________________________________________________________________
         HARVESTING EFFECTS ON LEAF AREA
         -->
      <fr_height_cut>0.0  0.1    1</fr_height_cut>
      <fr_stem_remain>0.0  0.2    1</fr_stem_remain>
      <!-- %%%%%%%%%%%%%%%%%%%%%%%%%%%%%%%%%%%%%%%%%%%%%%%%%%%%%%%%%%%%%%%%%%%%%%%%%%%%%%%%%%%%%%%%%%%%%%%%%%%%%%%%%%%
         SECTION 4 - ROOT DEPTH AND ROOT LENGTH GROWTH
         %%%%%%%%%%%%%%%%%%%%%%%%%%%%%%%%%%%%%%%%%%%%%%%%%%%%%%%%%%%%%%%%%%%%%%%%%%%%%%%%%%%%%%%%%%%%%%%%%%%%%%%%%%%
         __________________________________________________________________________________________________________-
         ROOTING DEPTH
         sow   ger   eme   juv    fi    fl   st_gf end_gf  mat hv_rpe  end
         stage_code           = 1     2     3     4     5     6     7      8     9    10     11  ()
         -->
      <root_depth_rate units="mm/d">0     15.0  30.0  35.0  35.0  35.0  35.0   0.0   0.0   0.0    0</root_depth_rate>
      <!-- Effect of sw_supply_demand_ratio on root depth increase
         -->
      <x_ws_root description="sw_supply_demand_ratio">0   1   </x_ws_root>
      <y_ws_root_fac description="effect of supply_demand_ratio on root depth increase">1   1   </y_ws_root_fac>
      <!-- x_sw_ratio = [sw_dep(lay)-ll_dep(lay)]/[dul_dep(lay)-ll_dep(lay)] in the deepest root layer
         -->
      <x_sw_ratio description="water availability for effects on root depth growth">0.0 0.25</x_sw_ratio>
      <y_sw_fac_root description="stress factor for root depth growth, This may be probably the same for all crops">0   1</y_sw_fac_root>
      <!-- __________________________________________________________________________________________________________-
         TEMPERATURE EFFECT ON ROOT ADVANCE
         -->
      <x_temp_root_advance>0 20 32</x_temp_root_advance>
      <y_rel_root_advance>1 1  1</y_rel_root_advance>
      <!-- __________________________________________________________________________________________________________-
         ROOT LENGTH CALCULATION
         -->
      <initial_root_depth units="mm" description="initial depth of roots (mm)">110</initial_root_depth>
      <specific_root_length units="mm/g">60000</specific_root_length>
      <!-- The following can increase or decrease the root length density in a layer based on the rld per plant
         -->
      <x_plant_rld units="mm/mm3/plant" description="root branching">0   0.0001  0.0003</x_plant_rld>
      <y_rel_root_rate units="0-1">0.02  0.10  1.0</y_rel_root_rate>
      <!-- y_rel_root_rate          = 1.0   1.0   1.0   (0-1)
         %%%%%%%%%%%%%%%%%%%%%%%%%%%%%%%%%%%%%%%%%%%%%%%%%%%%%%%%%%%%%%%%%%%%%%%%%%%%%%%%%%%%%%%%%%%%%%%%%%%%%%%%%%%
         SECTION 5 - WATER RELATIONS AND WATER STRESS FACTORS
         %%%%%%%%%%%%%%%%%%%%%%%%%%%%%%%%%%%%%%%%%%%%%%%%%%%%%%%%%%%%%%%%%%%%%%%%%%%%%%%%%%%%%%%%%%%%%%%%%%%%%%%%%%%
         STAGE DEPENDENT TRANSPIRATION EFFICIENCY COEFFICIENTS
         Transpiration efficiency coefficient to convert vpd to transpiration efficiency (kpa)
         The following transp_eff_cf values are
         in the form kpa/g carbo per m^2 / g water per m^2 (kpa/g carbo per m^2 / mm water) because 1g water = 1 cm^3 water
         sow    ger   eme  juv    fi    fl   st_gf end_gf  mat  hv_rpe  end
         stage_code           = 1      2    3     4     5     6     7      8     9     10     11  ()
         -->
      <transp_eff_cf units="Pa">0      0    .0050 .0050 .0050 .0050 .0050 .0010  .0000 .0000   0</transp_eff_cf>
      <!-- __________________________________________________________________________________________________________-
         VPD FRACTION
         Fraction of distance between svp at min temp and svp at max temp where average svp during transpiration lies.
         -->
      <svp_fract description="(0-1)">0.75  </svp_fract>
      <eo_crop_factor_default description="default crop factor for limiting soil">100.0  </eo_crop_factor_default>
      <!--  water demand to some fraction/multiple
         of atmospheric potential.
         __________________________________________________________________________________________________________-
         WATER STRESS FACTORS FOR PHOTOSYNTHESIS, EXPANSION AND DEVELOPMENT
         swdef_photo for photosynthesis is calculated in the code as = sw_supply_sum/sw_demand - function crop_swdef_photo
         For expansion growth, more sensitive than other growth processes
         x_sw_demand_ratio = sw_supply_sum/sw_demand
         -->
      <x_sw_demand_ratio description="water availability">0.1 1.1</x_sw_demand_ratio>
      <y_swdef_leaf description="stress indices">0   1</y_swdef_leaf>
      <!-- For phenology stress factor based on available soil water portion
         sw_avail_pot_sum = sum_real_array (sw_avail_pot, deepest_layer),
         sw_avail_sum     = sum_real_array (sw_avail, deepest_layer)
         sw_avail_ratio   = divide (sw_avail_sum, sw_avail_pot_sum, 1.0) !???
         -->
      <x_sw_avail_ratio description="water availability">0.16  0.29  1.0</x_sw_avail_ratio>
      <y_swdef_pheno description="stress index for phenology_modified by Yash Chauhan">0.55  1.00  1.0</y_swdef_pheno>
      <x_sw_avail_ratio_flowering description="water availability">0.16  0.29  1.0</x_sw_avail_ratio_flowering>
      <y_swdef_pheno_flowering description="stress index for flowering phenology_modified by Yash Chauhan">0.55  1.00  1.0</y_swdef_pheno_flowering>
      <x_sw_avail_ratio_start_grain_fill description="water availability">0.16  0.29  1.0</x_sw_avail_ratio_start_grain_fill>
      <y_swdef_pheno_start_grain_fill description="! stress index for grainfilling phenology_modified by Yash Chauhan">0.55  1.00  1.0</y_swdef_pheno_start_grain_fill>
      <!-- __________________________________________________________________________________________________________-
         WATERLOGGING STRESS (OXYGEN DEFICIT) FACTOR FOR PHOTOSYNTHESIS
         -->
      <oxdef_photo_rtfr description="fraction of roots waterlogged for effect on photosynthesis">0.0  0.8   1.0</oxdef_photo_rtfr>
      <oxdef_photo units="0-1" description="stress index on photosynthesis">1.0  1.0   1.0</oxdef_photo>
      <!-- %%%%%%%%%%%%%%%%%%%%%%%%%%%%%%%%%%%%%%%%%%%%%%%%%%%%%%%%%%%%%%%%%%%%%%%%%%%%%%%%%%%%%%%%%%%%%%%%%%%%%%%%%%%
         SECTION 6 -NITROGEN RELATIONS, UPTAKE AND STRESS FACTORS
         %%%%%%%%%%%%%%%%%%%%%%%%%%%%%%%%%%%%%%%%%%%%%%%%%%%%%%%%%%%%%%%%%%%%%%%%%%%%%%%%%%%%%%%%%%%%%%%%%%%%%%%%%%%
         ______________________________________________________________________________
         UPTAKE PREFERENCE AND CONSTANTS
         preference for n supply - it is assumed that mass flow is always predominant, but further crop preference can
         be specified as follows:
         'active'   = diffusive flow before fixation
         'fixation' = fixed N before active uptake.
         -->
      <n_supply_preference>active</n_supply_preference>
      <!-- Time constant for N uptake by diffusion. H van Keulen &  NG Seligman. Purdoe 1987.
         This is the  time it would take to remove, by diffusion, current amount of N if it wasn't depleted between time steps
         -->
      <no3_diffn_const units="days">1.5</no3_diffn_const>
      <!-- ______________________________________________________________________________
         LEGUME N FIXATION RATE - potential rate of N fixation (g N fixed per g above ground biomass)
         sow    ger   eme  juv    fi    fl   st_gf end_gf  mat  hv_rpe  end
         stage_code           = 1      2    3     4     5     6      7      8     9     10     11  ()
         -->
      <N_fix_rate units="gN/gDM" description="modified by YSC as appreciable N fixation occurs by floral initiation but none may befound at end_gf.">0    0    0.000 0.000 0.0005 0.001 0.001  0.00  0.00   0      0</N_fix_rate>
      <x_sw_avail_fix description="soil water ratio for effect on N fixation">0.0  0.40  0.95  1.0</x_sw_avail_fix>
      <y_swdef_fix units="0-1" description="stress index on N fixation">0.0  1.0   1.0   1.0</y_swdef_fix>
      <!-- ______________________________________________________________________________
         NITROGEN STRESS FACTORS FOR PHOTOSYNTHESIS,LEAF GROWTH AND DEVELOPMENT
         n_conc_ratio      = divide ((N_conc_stover - N_conc_stover_min),(N_conc_stover_crit-N_conc_stover_min),0.0)
         n_conc_ratio_leaf = divide ((N_conc_leaf - N_conc_leaf_min), (N_conc_leaf_crit - N_conc_leaf_min), 0.0)
         g_nfact_photo     = N_fact_photo * N_conc_ratio
         g_n_fact_pheno    = N_fact_pheno * N_conc_ratio
         g_nfact_expansion = N_fact_expansion * n_conc_ratio_leaf
         -->
      <N_fact_photo description="multipler for N deficit effect on photosynthesis">1.25    </N_fact_photo>
      <N_fact_expansion description="multipler for N deficit effect on leaf expansion">100     </N_fact_expansion>
      <N_fact_pheno description="multipler for N deficit effect on phenology">5.75    </N_fact_pheno>
      <N_fact_grain description="multipler for N deficit effect on grain">1.   </N_fact_grain>
      <!-- ______________________________________________________________________________
         NITROGEN CONCENTRATION LIMITS: MAX. CRITICAL AND MINIMUM N CONCENTRATIONS
         emerg    flower   maturity
         -->
      <x_stage_code description="stage code used in table">3        6        9</x_stage_code>
      <y_n_conc_max_leaf description="leaf maximum N conc.">0.0470   0.0370   0.0210</y_n_conc_max_leaf>
      <y_n_conc_crit_leaf description="leaf critical N conc.">0.0460   0.0360   0.0200</y_n_conc_crit_leaf>
      <y_n_conc_min_leaf description="leaf minimum N conc.">0.0170   0.0100   0.0100</y_n_conc_min_leaf>
      <y_n_conc_max_stem description="stem maximum N conc.">0.0220   0.0170   0.0120</y_n_conc_max_stem>
      <y_n_conc_crit_stem description="stem critical N conc.">0.0200   0.0150   0.0100</y_n_conc_crit_stem>
      <y_n_conc_min_stem description="stem minimum N conc.">0.0150   0.0090   0.0070</y_n_conc_min_stem>
      <y_n_conc_max_pod description="flower maximum N conc.">0.0460   0.0460   0.0160</y_n_conc_max_pod>
      <y_n_conc_crit_pod description="flower critical N conc.">0.0450   0.0450   0.0150</y_n_conc_crit_pod>
      <y_n_conc_min_pod description="flower minimum N conc.">0.0150   0.0150   0.0100</y_n_conc_min_pod>
      <n_conc_max_grain description="grain maximum N conc.">0.050</n_conc_max_grain>
      <n_conc_crit_grain description="grain critical N conc.">0.048</n_conc_crit_grain>
      <n_conc_min_grain description="grain minimum N conc.">0.030</n_conc_min_grain>
      <n_conc_max_root description="root maximum N conc.">0.022</n_conc_max_root>
      <n_conc_crit_root description="root critical N conc.">0.020</n_conc_crit_root>
      <n_conc_min_root description="root minimum N conc.">0.008</n_conc_min_root>
      <y_n_conc_min_meal>0.0      0.050   0.050</y_n_conc_min_meal>
      <y_n_conc_crit_meal>0.0      0.048   0.048</y_n_conc_crit_meal>
      <y_n_conc_max_meal>0.0      0.030   0.030</y_n_conc_max_meal>
      <y_n_conc_min_oil>0.0       0.0      0.0</y_n_conc_min_oil>
      <y_n_conc_crit_oil>0.0       0.0      0.0</y_n_conc_crit_oil>
      <y_n_conc_max_oil>0.0       0.0      0.0</y_n_conc_max_oil>
      <!-- ______________________________________________________________________________
         INITIAL NITROGEN CONCENTRATION OF ORGANS
         -->
      <root_n_init_conc units="g/g">0.020</root_n_init_conc>
      <leaf_n_init_conc>0.046</leaf_n_init_conc>
      <stem_n_init_conc>0.046</stem_n_init_conc>
      <pod_n_init_conc>0.05</pod_n_init_conc>
      <meal_n_init_conc>0.02</meal_n_init_conc>
      <oil_n_init_conc>0.0</oil_n_init_conc>
      <!-- ______________________________________________________________________________
         NITROGEN CONCENTRATION IN SENESCENCED ORGANS
         This means that as soon as leaves fall off, all N except for the amount below is
         instantly transferred from leaves to stem
         -->
      <root_n_sen_conc units="g/g">0.008</root_n_sen_conc>
      <leaf_n_sen_conc>0.01</leaf_n_sen_conc>
      <stem_n_sen_conc>0.0</stem_n_sen_conc>
      <pod_n_sen_conc>0.0</pod_n_sen_conc>
      <meal_n_sen_conc>0.0</meal_n_sen_conc>
      <oil_n_sen_conc>0.0</oil_n_sen_conc>
      <!-- ______________________________________________________________________________
         GRAIN NITROGEN CONCENTRATION
         %%%%%%%%%%%%%%%%%%%%%%%%%%%%%%%%%%%%%%%%%%%%%%%%%%%%%%%%%%%%%%%%%%%%%%%%%%%%%%%%%%%%%%%%%%%%%%%%%%%%%%%%%%%
         SECTION 7 -SENESCENCE AND DETACHMENT
         %%%%%%%%%%%%%%%%%%%%%%%%%%%%%%%%%%%%%%%%%%%%%%%%%%%%%%%%%%%%%%%%%%%%%%%%%%%%%%%%%%%%%%%%%%%%%%%%%%%%%%%%%%%
         ______________________________________________________________________________
         DM SENESCENCE
         -->
      <root_die_back_fr units="0-1" description="fraction of roots lost at harvest">0.1</root_die_back_fr>
      <!--  dm fraction senesced for each fraction of canopy senesced.
         -->
      <x_dm_sen_frac_root description="root">0    1     </x_dm_sen_frac_root>
      <y_dm_sen_frac_root>0.005 0.005</y_dm_sen_frac_root>
      <x_dm_sen_frac_leaf description="leaf">0    1     </x_dm_sen_frac_leaf>
      <y_dm_sen_frac_leaf>0    1</y_dm_sen_frac_leaf>
      <x_dm_sen_frac_stem description="stem">0    1     </x_dm_sen_frac_stem>
      <y_dm_sen_frac_stem>0    0</y_dm_sen_frac_stem>
      <x_dm_sen_frac_pod description="flower">0    1     </x_dm_sen_frac_pod>
      <y_dm_sen_frac_pod>0    0</y_dm_sen_frac_pod>
      <x_dm_sen_frac_meal description="meal">0    1     </x_dm_sen_frac_meal>
      <y_dm_sen_frac_meal>0    0</y_dm_sen_frac_meal>
      <x_dm_sen_frac_oil description="oil">0    1     </x_dm_sen_frac_oil>
      <y_dm_sen_frac_oil>0    0</y_dm_sen_frac_oil>
      <!-- ______________________________________________________________________________
         LEAF NUMBER AND AREA SENESCENCE
         -->
      <min_tpla description="lower limit of total plant leaf area">0.0</min_tpla>
      <node_sen_rate units="oCd/node" description="rate of node senescence on main stem">130</node_sen_rate>
      <fr_lf_sen_rate description="fraction of total leaf number senescing per main stem node">0.03</fr_lf_sen_rate>
      <n_fact_lf_sen_rate description="max relative increase in leaf senescence due to N stress">0.0     </n_fact_lf_sen_rate>
      <lai_sen_light units="m^2/m^2" description="induced senescence occurs (m^2/m^2)">4.0</lai_sen_light>
      <sen_light_slope description="sensitivity of leaf area senescence to shading">0.008</sen_light_slope>
      <x_temp_senescence description="minimum temperature for frost senescence table (oC)">-2.0  2.0     </x_temp_senescence>
      <y_senescence_fac description="daily fraction of leaf area senesced due to frost (0-1)">1    0       </y_senescence_fac>
      <x_maxt_senescence description="minimum temperature for heat senescence table (oC)">34.0 34.1 45.0     </x_maxt_senescence>
      <y_heatsenescence_fac description="daily fraction of leaf area senesced due to heat (0-1)">0  0.0  0.0       </y_heatsenescence_fac> 	  
      <sen_rate_water description="slope in linear eqn relating soil water stress during photosynthesis to leaf senesence rate">0.001</sen_rate_water>
      <!-- ______________________________________________________________________________
         DETACHMENT
         root
         -->
      <root_dead_detach_frac description="fraction detached from each part of a dead plant per day.">0</root_dead_detach_frac>
      <root_sen_detach_frac description="fraction of senesced plant part detached each day from live plants">1</root_sen_detach_frac>
      <leaf_dead_detach_frac>0.0</leaf_dead_detach_frac>
      <leaf_sen_detach_frac>0.0</leaf_sen_detach_frac>
      <stem_dead_detach_frac>0.0</stem_dead_detach_frac>
      <stem_sen_detach_frac>0.0</stem_sen_detach_frac>
      <pod_dead_detach_frac>0.0</pod_dead_detach_frac>
      <pod_sen_detach_frac>0.0</pod_sen_detach_frac>
      <meal_dead_detach_frac>0.0</meal_dead_detach_frac>
      <meal_sen_detach_frac>0.0</meal_sen_detach_frac>
      <oil_dead_detach_frac>0.0</oil_dead_detach_frac>
      <oil_sen_detach_frac>0.0</oil_sen_detach_frac>
      <!-- %%%%%%%%%%%%%%%%%%%%%%%%%%%%%%%%%%%%%%%%%%%%%%%%%%%%%%%%%%%%%%%%%%%%%%%%%%%%%%%%%%%%%%%%%%%%%%%%%%%%%%%%%%%
         SECTION 8 - WE MIGHT PUT RETRANSLOCATION OF DM AND N IN THIS SECTION
         %%%%%%%%%%%%%%%%%%%%%%%%%%%%%%%%%%%%%%%%%%%%%%%%%%%%%%%%%%%%%%%%%%%%%%%%%%%%%%%%%%%%%%%%%%%%%%%%%%%%%%%%%%%
         %%%%%%%%%%%%%%%%%%%%%%%%%%%%%%%%%%%%%%%%%%%%%%%%%%%%%%%%%%%%%%%%%%%%%%%%%%%%%%%%%%%%%%%%%%%%%%%%%%%%%%%%%%%
         SECTION 9 - CROP FAILURE AND DEATH
         %%%%%%%%%%%%%%%%%%%%%%%%%%%%%%%%%%%%%%%%%%%%%%%%%%%%%%%%%%%%%%%%%%%%%%%%%%%%%%%%%%%%%%%%%%%%%%%%%%%%%%%%%%%
         ______________________________________________________________________________
         crop failure
         -->
      <leaf_no_crit description="critical number of leaves, below which portion of the crop may die due to water stress">10.0</leaf_no_crit>
      <tt_emerg_limit units="oCd" description="maximum degree days allowed for emergence to take place">300.0</tt_emerg_limit>
      <days_germ_limit units="days" description="maximum days allowed after sowing for germination to take place (days)">40.0</days_germ_limit>
      <swdf_photo_limit description="critical cumulative photosynthesis water stress, above which the crop partly fails (unitless)">99.0</swdf_photo_limit>
      <swdf_photo_rate description="rate of plant reduction with photosynthesis water stress">0.0</swdf_photo_rate>
      <swdf_pheno_limit description="critical cumulative phenology water stress, above which the crop fails (unitless)">25</swdf_pheno_limit>
      <!-- ______________________________________________________________________________
         PLANT DEATH
         -->
      <x_weighted_temp units="oC">55.0  60.0</x_weighted_temp>
      <y_plant_death>0.0   1.0</y_plant_death>
      <!-- %%%%%%%%%%%%%%%%%%%%%%%%%%%%%%%%%%%%%%%%%%%%%%%%%%%%%%%%%%%%%%%%%%%%%%%%%%%%%%%%%%%%%%%%%%%%%%%%%%%%%%%%%%%
         SECTION 10 - PHOSPHORUS RELATIONS, UPTAKE AND STRESS FACTORS
         %%%%%%%%%%%%%%%%%%%%%%%%%%%%%%%%%%%%%%%%%%%%%%%%%%%%%%%%%%%%%%%%%%%%%%%%%%%%%%%%%%%%%%%%%%%%%%%%%%%%%%%%%%%
         %%%%%%%%%%%%%%%%%%%%%%%%%%%%%%%%%%%%%%%%%%%%%%%%%%%%%%%%%%%%%%%%%%%%%%%%%%%%%%%%%%%%%%%%%%%%%%%%%%%%%%%%%%%
         SECTION - VALUE LIMITS - MAX AND MINS
         %%%%%%%%%%%%%%%%%%%%%%%%%%%%%%%%%%%%%%%%%%%%%%%%%%%%%%%%%%%%%%%%%%%%%%%%%%%%%%%%%%%%%%%%%%%%%%%%%%%%%%%%%%%
         ______________________________________________________________________________
         ROOT PARAMETERS
         -->
      <ll_ub description="upper limit of lower limit">1000.0</ll_ub>
      <kl_ub description="upper limit of water uptake factor">1.0</kl_ub>
      <!-- ______________________________________________________________________________
         SOIL WATER
         -->
      <minsw description="lowest acceptable value for ll">0.00001</minsw>
      <!--  cultivar parameter upper bounds
         -->
      <tt_emergence_ub units="oCd" description="upper limit">1000.0</tt_emergence_ub>
      <tt_flower_to_maturity_ub units="oCd" description="upper limit">1500.0</tt_flower_to_maturity_ub>
      <tt_maturity_ub units="oCd" description="upper limit">1000.0</tt_maturity_ub>
      <tt_flower_to_start_grain_ub units="oCd" description="upper limit">1500.0</tt_flower_to_start_grain_ub>
      <tt_init_to_flower_ub units="oCd" description="upper limit">1000.0</tt_init_to_flower_ub>
      <tt_harvest_ripe units="oCd">1.0</tt_harvest_ripe>
    </plant>
    <!-- ***********************************************************************************************************
      PARAMETERS  - CULTIVAR-SPECIFIC VALUES
      ***********************************************************************************************************
      !!!!!!!!!!!!!!!!!!!!!!!!!!!!!!!!!!!!!!!!!!!!!!!!
      ! varieties listed from early to late maturing!!
      !!!!!!!!!!!!!!!!!!!!!!!!!!!!!!!!!!!!!!!!!!!!!!!!
      parameters from Bell, Roy, Tollenaar and Michaels Crop Science 34:1030-1039
      Bell, Shorter and Mayer Field Crops Research 27:17-33
      Hammer et al. Agronomy Journal 87:1085-1093
      -->
    <early_bunch cultivar="yes">
      <x_pp_hi_incr units="h">1      24</x_pp_hi_incr>
      <y_hi_incr units="1/days" description="rate of HI increase (optional)">0.0064 0.0064</y_hi_incr>
      <x_hi_max_pot_stress description="maximum harvest index potential">0.0  1.0</x_hi_max_pot_stress>
      <y_hi_max_pot>0.45 0.45</y_hi_max_pot>
      <cumvd_emergence>0      100</cumvd_emergence>
      <tt_emergence units="oCd" description="TT from emergence to end of juvenile phase">5.0     5.0</tt_emergence>
      <est_days_emerg_to_init units="d" description="estimated days from emergence to floral init.">2</est_days_emerg_to_init>
      <x_pp_end_of_juvenile description="photoperiod (h)">12      17              </x_pp_end_of_juvenile>
      <y_tt_end_of_juvenile description="TT from end juvenile to floral initiation">1       5              </y_tt_end_of_juvenile>
      <x_pp_floral_initiation units="h">1      24</x_pp_floral_initiation>
      <y_tt_floral_initiation units="oCd" description="TT from initiation to flowering">380.0  380.0</y_tt_floral_initiation>
      <x_pp_flowering units="h">1      24</x_pp_flowering>
      <y_tt_flowering units="oCd" description="TT from flowering to start grain fill">300.0   300.0</y_tt_flowering>
      <x_pp_start_grain_fill units="h">1      24</x_pp_start_grain_fill>
      <y_tt_start_grain_fill units="oCd">1020.5  1020.5</y_tt_start_grain_fill>
      <tt_end_grain_fill units="oCd">69.5</tt_end_grain_fill>
      <tt_maturity units="oCd" description="TT from maturity to harvest ripe">5.0</tt_maturity>
      <x_stem_wt description="stem weight (g/plant)">0      10              </x_stem_wt>
      <y_height description="plant height (mm)">0      700             </y_height>
    </early_bunch>
    <mccubbin cultivar="yes">
      <x_pp_hi_incr units="h">1      24</x_pp_hi_incr>
      <y_hi_incr units="1/days" description="rate of HI increase (optional)">0.0056 0.0056</y_hi_incr>
      <x_hi_max_pot_stress description="maximum harvest index potential">0    1.0</x_hi_max_pot_stress>
      <y_hi_max_pot>0.45 0.45</y_hi_max_pot>
      <cumvd_emergence>0      100</cumvd_emergence>
      <tt_emergence units="oCd" description="TT from emergence to end of juvenile phase">5.0     5.0</tt_emergence>
      <est_days_emerg_to_init units="d" description="estimated days from emergence to floral init.">2</est_days_emerg_to_init>
      <x_pp_end_of_juvenile description="photoperiod (h)">12      17              </x_pp_end_of_juvenile>
      <y_tt_end_of_juvenile description="TT from end juvenile to floral initiation">1       5              </y_tt_end_of_juvenile>
      <x_pp_floral_initiation units="h">1      24</x_pp_floral_initiation>
      <y_tt_floral_initiation units="oCd" description="TT from initiation to flowering">280.0  280.0</y_tt_floral_initiation>
      <x_pp_flowering units="h">1      24</x_pp_flowering>
      <y_tt_flowering units="oCd" description="TT from flowering to start grain fill">300.0   300</y_tt_flowering>
      <x_pp_start_grain_fill units="h">1      24</x_pp_start_grain_fill>
      <y_tt_start_grain_fill units="oCd">745.0  745.0</y_tt_start_grain_fill>
      <tt_end_grain_fill units="oCd">55</tt_end_grain_fill>
      <tt_maturity units="oCd" description="TT from maturity to harvest ripe">5.0</tt_maturity>
      <x_stem_wt description="stem weight (g/plant)">0      10              </x_stem_wt>
      <y_height description="plant height (mm)">0      700             </y_height>
    </mccubbin>
    <chico cultivar="yes">
      <x_pp_hi_incr units="h">1      24</x_pp_hi_incr>
      <y_hi_incr units="1/days" description="rate of HI increase (optional)">0.0072 0.0072</y_hi_incr>
      <x_hi_max_pot_stress description="maximum harvest index potential">0.0  1.0</x_hi_max_pot_stress>
      <y_hi_max_pot>0.45 0.45</y_hi_max_pot>
      <cumvd_emergence>0      100</cumvd_emergence>
      <tt_emergence units="oCd" description="TT from emergence to end of juvenile phase">5.0     5.0</tt_emergence>
      <est_days_emerg_to_init units="d" description="estimated days from emergence to floral init.">2</est_days_emerg_to_init>
      <x_pp_end_of_juvenile description="photoperiod (h)">12      17              </x_pp_end_of_juvenile>
      <y_tt_end_of_juvenile description="TT from end juvenile to floral initiation">1       5              </y_tt_end_of_juvenile>
      <x_pp_floral_initiation units="h">1      24</x_pp_floral_initiation>
      <y_tt_floral_initiation units="oCd" description="TT from initiation to flowering">190.0  190.0</y_tt_floral_initiation>
      <x_pp_flowering units="h">1      24</x_pp_flowering>
      <y_tt_flowering units="oCd" description="TT from flowering to start grain fill">300.0   300</y_tt_flowering>
      <x_pp_start_grain_fill units="h">1      24</x_pp_start_grain_fill>
      <y_tt_start_grain_fill units="oCd">662.35  662.35</y_tt_start_grain_fill>
      <tt_end_grain_fill units="oCd">50.65</tt_end_grain_fill>
      <tt_maturity units="oCd" description="TT from maturity to harvest ripe">5.0</tt_maturity>
      <x_stem_wt description="stem weight (g/plant)">0      10              </x_stem_wt>
      <y_height description="plant height (mm)">0      700               </y_height>
    </chico>
    <virginia_bunch cultivar="yes">
      <x_pp_hi_incr units="h">1      24</x_pp_hi_incr>
      <!--    y_hi_incr                =    0.0042 0.0042 ! 0.006  (1/days)        ! rate of HI increase (optional)
         -->
      <y_hi_incr description="0.006  (1/days)        ! rate of HI increase (optional)">0.0056 0.0056 </y_hi_incr>
      <x_hi_max_pot_stress description="maximum harvest index potential">0.0  1.0</x_hi_max_pot_stress>
      <y_hi_max_pot>0.45 0.45</y_hi_max_pot>
      <cumvd_emergence>0      100</cumvd_emergence>
      <tt_emergence units="oCd" description="TT from emergence to end of juvenile phase">5.0     5.0</tt_emergence>
      <est_days_emerg_to_init units="d" description="estimated days from emergence to floral init.">2</est_days_emerg_to_init>
      <x_pp_end_of_juvenile description="photoperiod (h)">12      17              </x_pp_end_of_juvenile>
      <y_tt_end_of_juvenile description="TT from end juvenile to floral initiation">1       5              </y_tt_end_of_juvenile>
      <x_pp_floral_initiation units="h">1      24</x_pp_floral_initiation>
      <y_tt_floral_initiation units="oCd" description="TT from initiation to flowering">445.0  445.0</y_tt_floral_initiation>
      <x_pp_flowering units="h">1      24</x_pp_flowering>
      <y_tt_flowering units="oCd" description="TT from flowering to start grain fill">300.0   300</y_tt_flowering>
      <x_pp_start_grain_fill units="h">1      24</x_pp_start_grain_fill>
      <y_tt_start_grain_fill units="oCd">1015.75  1015.75</y_tt_start_grain_fill>
      <tt_end_grain_fill units="oCd">69.25</tt_end_grain_fill>
      <tt_maturity units="oCd" description="TT from maturity to harvest ripe">5.0</tt_maturity>
      <x_stem_wt description="stem weight (g/plant)">0      10              </x_stem_wt>
      <y_height description="plant height (mm)">0      700               </y_height>
    </virginia_bunch>
    <nc7 cultivar="yes">
      <!--  taken from Virginia_bnch and set hi_incr to 0.0052 d-1
         -->
      <x_pp_hi_incr units="h">1      24</x_pp_hi_incr>
      <y_hi_incr description="0.0042   (1/days)        ! rate of HI increase (optional)">0.0056 0.0056 </y_hi_incr>
      <x_hi_max_pot_stress description="maximum harvest index potential">0.0  1.0</x_hi_max_pot_stress>
      <y_hi_max_pot>0.45 0.45</y_hi_max_pot>
      <cumvd_emergence>0      100</cumvd_emergence>
      <tt_emergence units="oCd" description="TT from emergence to end of juvenile phase">5.0     5.0</tt_emergence>
      <est_days_emerg_to_init units="d" description="estimated days from emergence to floral init.">2</est_days_emerg_to_init>
      <x_pp_end_of_juvenile description="photoperiod (h)">12      17              </x_pp_end_of_juvenile>
      <y_tt_end_of_juvenile description="TT from end juvenile to floral initiation">1       5              </y_tt_end_of_juvenile>
      <x_pp_floral_initiation units="h">1      24</x_pp_floral_initiation>
      <y_tt_floral_initiation units="oCd" description="TT from initiation to flowering">445.0  445.0</y_tt_floral_initiation>
      <x_pp_flowering units="h">1      24</x_pp_flowering>
      <y_tt_flowering units="oCd" description="TT from flowering to start grain fill">300.0   300</y_tt_flowering>
      <x_pp_start_grain_fill units="h">1      24</x_pp_start_grain_fill>
      <y_tt_start_grain_fill units="oCd">1015.75  1015.75</y_tt_start_grain_fill>
      <tt_end_grain_fill units="oCd">69.25</tt_end_grain_fill>
      <tt_maturity units="oCd" description="TT from maturity to harvest ripe">5.0</tt_maturity>
      <x_stem_wt description="stem weight (g/plant)">0      10              </x_stem_wt>
      <y_height description="plant height (mm)">0      700               </y_height>
    </nc7>
    <streeton cultivar="yes">
      <x_pp_hi_incr units="h">1      24</x_pp_hi_incr>
      <y_hi_incr units="1/days" description="rate of HI increase (optional)">0.0056 0.0056</y_hi_incr>
      <x_hi_max_pot_stress description="maximum harvest index potential">0     1.0</x_hi_max_pot_stress>
      <y_hi_max_pot>0.45  0.45</y_hi_max_pot>
      <cumvd_emergence>0      100</cumvd_emergence>
      <tt_emergence units="oCd" description="TT from emergence to end of juvenile phase">5.0     5.0</tt_emergence>
      <est_days_emerg_to_init units="d" description="estimated days from emergence to floral init.">2</est_days_emerg_to_init>
      <x_pp_end_of_juvenile description="photoperiod (h)">12      17              </x_pp_end_of_juvenile>
      <y_tt_end_of_juvenile description="TT from end juvenile to floral initiation">1       5              </y_tt_end_of_juvenile>
      <x_pp_floral_initiation units="h">1      24</x_pp_floral_initiation>
      <y_tt_floral_initiation units="oCd" description="TT from initiation to flowering">380.0  380.0</y_tt_floral_initiation>
      <x_pp_flowering units="h">1      24</x_pp_flowering>
      <y_tt_flowering units="oCd" description="TT from flowering to start grain fill">300.0   300</y_tt_flowering>
      <x_pp_start_grain_fill units="h">1      24</x_pp_start_grain_fill>
      <y_tt_start_grain_fill units="oCd">1015.75  1015.75</y_tt_start_grain_fill>
      <tt_end_grain_fill units="oCd">69.25</tt_end_grain_fill>
      <tt_maturity units="oCd" description="TT from maturity to harvest ripe">5.0</tt_maturity>
      <x_stem_wt description="stem weight (g/plant)">0      10              </x_stem_wt>
      <y_height description="plant height (mm)">0      700               </y_height>
    </streeton>
    <vb97 cultivar="yes">
      <x_pp_hi_incr units="h">1      24</x_pp_hi_incr>
      <y_hi_incr units="1/days" description="rate of HI increase (optional)">0.0055 0.0055</y_hi_incr>
      <x_hi_max_pot_stress description="maximum harvest index potential">0   1.0</x_hi_max_pot_stress>
      <y_hi_max_pot>0.45 0.45</y_hi_max_pot>
      <cumvd_emergence>0      100</cumvd_emergence>
      <tt_emergence units="oCd" description="TT from emergence to end of juvenile phase">5.0     5.0</tt_emergence>
      <est_days_emerg_to_init units="d" description="estimated days from emergence to floral init.">2</est_days_emerg_to_init>
      <x_pp_end_of_juvenile description="photoperiod (h)">12      17              </x_pp_end_of_juvenile>
      <y_tt_end_of_juvenile description="TT from end juvenile to floral initiation">1       5              </y_tt_end_of_juvenile>
      <x_pp_floral_initiation units="h">1      24</x_pp_floral_initiation>
      <y_tt_floral_initiation units="oCd" description="TT from initiation to flowering">300.0  300.0</y_tt_floral_initiation>
      <x_pp_flowering units="h">1      24</x_pp_flowering>
      <y_tt_flowering units="oCd" description="TT from flowering to start grain fill">270.0   270</y_tt_flowering>
      <x_pp_start_grain_fill units="h">1      24</x_pp_start_grain_fill>
      <y_tt_start_grain_fill units="oCd">870.0  870.0</y_tt_start_grain_fill>
      <tt_end_grain_fill units="oCd">60</tt_end_grain_fill>
      <tt_maturity units="oCd" description="TT from maturity to harvest ripe">5.0</tt_maturity>
      <x_stem_wt description="stem weight (g/plant)">0      10              </x_stem_wt>
      <y_height description="plant height (mm)">0      700               </y_height>
    </vb97>
    <condor cultivar="yes">
      <x_pp_hi_incr units="h">1      24</x_pp_hi_incr>
      <y_hi_incr units="1/days" description="rate of HI increase (optional)">0.0056 0.0056</y_hi_incr>
      <x_hi_max_pot_stress description="maximum harvest index potential">0.0  1.0</x_hi_max_pot_stress>
      <y_hi_max_pot>0.45 0.45</y_hi_max_pot>
      <cumvd_emergence>0      100</cumvd_emergence>
      <tt_emergence units="oCd" description="TT from emergence to end of juvenile phase">5.0     5.0</tt_emergence>
      <est_days_emerg_to_init units="d" description="estimated days from emergence to floral init.">2</est_days_emerg_to_init>
      <x_pp_end_of_juvenile description="photoperiod (h)">12      17              </x_pp_end_of_juvenile>
      <y_tt_end_of_juvenile description="TT from end juvenile to floral initiation">1       5              </y_tt_end_of_juvenile>
      <x_pp_floral_initiation units="h">1      24</x_pp_floral_initiation>
      <y_tt_floral_initiation units="oCd" description="TT from initiation to flowering">380.0  380.0</y_tt_floral_initiation>
      <x_pp_flowering units="h">1      24</x_pp_flowering>
      <y_tt_flowering units="oCd" description="TT from flowering to start grain fill">300.0   300</y_tt_flowering>
      <x_pp_start_grain_fill units="h">1      24</x_pp_start_grain_fill>
      <y_tt_start_grain_fill units="oCd">1300    1300</y_tt_start_grain_fill>
      <tt_end_grain_fill units="oCd">60</tt_end_grain_fill>
      <tt_maturity units="oCd" description="TT from maturity to harvest ripe">5.0</tt_maturity>
      <x_stem_wt description="stem weight (g/plant)">0      10              </x_stem_wt>
      <y_height description="plant height (mm)">0      700               </y_height>
    </condor>
    <florunner cultivar="yes">
      <x_pp_hi_incr units="h">1      24</x_pp_hi_incr>
      <y_hi_incr units="1/days" description="rate of HI increase (optional)">0.0056 0.0056</y_hi_incr>
      <x_hi_max_pot_stress description="maximum harvest index potential">0.0  1.0</x_hi_max_pot_stress>
      <y_hi_max_pot>0.45 0.45</y_hi_max_pot>
      <cumvd_emergence>0      100</cumvd_emergence>
      <tt_emergence units="oCd" description="TT from emergence to end of juvenile phase">5.0     5.0</tt_emergence>
      <est_days_emerg_to_init units="d" description="estimated days from emergence to floral init.">2</est_days_emerg_to_init>
      <x_pp_end_of_juvenile description="photoperiod (h)">12      17              </x_pp_end_of_juvenile>
      <y_tt_end_of_juvenile description="TT from end juvenile to floral initiation">1       5              </y_tt_end_of_juvenile>
      <x_pp_floral_initiation units="h">1      24</x_pp_floral_initiation>
      <y_tt_floral_initiation units="oCd" description="TT from initiation to flowering">380.0  380.0</y_tt_floral_initiation>
      <x_pp_flowering units="h">1      24</x_pp_flowering>
      <y_tt_flowering units="oCd" description="TT from flowering to start grain fill">300.0   300</y_tt_flowering>
      <x_pp_start_grain_fill units="h">1      24</x_pp_start_grain_fill>
      <y_tt_start_grain_fill units="oCd">1085    1085</y_tt_start_grain_fill>
      <tt_end_grain_fill units="oCd">60</tt_end_grain_fill>
      <tt_maturity units="oCd" description="TT from maturity to harvest ripe">5.0</tt_maturity>
      <x_stem_wt description="stem weight (g/plant)">0      10              </x_stem_wt>
      <y_height description="plant height (mm)">0      700               </y_height>
    </florunner>
    <TMV_2 cultivar="yes">
      <x_pp_hi_incr units="h">1      24</x_pp_hi_incr>
      <!--    y_hi_incr                =    0.0042 0.0042 ! 0.006  (1/days)        ! rate of HI increase (optional)
         -->
      <y_hi_incr description="0.006  (1/days)        ! rate of HI increase (optional)">0.0056 0.0056 </y_hi_incr>
      <x_hi_max_pot_stress description="maximum harvest index potential">0.0     1.0</x_hi_max_pot_stress>
      <y_hi_max_pot>0.45    0.45</y_hi_max_pot>
      <cumvd_emergence>0      100</cumvd_emergence>
      <tt_emergence units="oCd" description="TT from emergence to end of juvenile phase">5.0     5.0</tt_emergence>
      <est_days_emerg_to_init units="d" description="estimated days from emergence to floral init.">2</est_days_emerg_to_init>
      <x_pp_end_of_juvenile description="photoperiod (h)">12      17              </x_pp_end_of_juvenile>
      <y_tt_end_of_juvenile description="TT from end juvenile to floral initiation">1       5              </y_tt_end_of_juvenile>
      <x_pp_floral_initiation units="h">1      24</x_pp_floral_initiation>
      <y_tt_floral_initiation units="oCd" description="TT from initiation to flowering">380.0  380.0</y_tt_floral_initiation>
      <x_pp_flowering units="h">1      24</x_pp_flowering>
      <y_tt_flowering units="oCd" description="TT from flowering to start grain fill">300.0   300</y_tt_flowering>
      <x_pp_start_grain_fill units="h">1      24</x_pp_start_grain_fill>
      <y_tt_start_grain_fill units="oCd">1015.75  1015.75</y_tt_start_grain_fill>
      <tt_end_grain_fill units="oCd">69.25</tt_end_grain_fill>
      <tt_maturity units="oCd" description="TT from maturity to harvest ripe">5.0</tt_maturity>
      <x_stem_wt description="stem weight (g/plant)">0      10              </x_stem_wt>
      <y_height description="plant height (mm)">0      700             </y_height>
    </TMV_2>
    <SO95 cultivar="yes">
      <x_pp_hi_incr units="h">1      24</x_pp_hi_incr>
      <y_hi_incr units="1/days" description="rate of HI increase (optional)">0.0056 0.0056</y_hi_incr>
      <x_hi_max_pot_stress description="maximum harvest index potential">0.0  1.0</x_hi_max_pot_stress>
      <y_hi_max_pot>0.45 0.45</y_hi_max_pot>
      <cumvd_emergence>0      100</cumvd_emergence>
      <tt_emergence units="oCd" description="TT from emergence to end of juvenile phase">5.0     5.0</tt_emergence>
      <est_days_emerg_to_init units="d" description="estimated days from emergence to floral init.">2</est_days_emerg_to_init>
      <x_pp_end_of_juvenile description="photoperiod (h)">12      17              </x_pp_end_of_juvenile>
      <y_tt_end_of_juvenile description="TT from end juvenile to floral initiation">1       5              </y_tt_end_of_juvenile>
      <x_pp_floral_initiation units="h">1      24</x_pp_floral_initiation>
      <y_tt_floral_initiation units="oCd" description="TT from initiation to flowering">380.0  380.0</y_tt_floral_initiation>
      <x_pp_flowering units="h">1      24</x_pp_flowering>
      <y_tt_flowering units="oCd" description="TT from flowering to start grain fill">300.0   300</y_tt_flowering>
      <x_pp_start_grain_fill units="h">1      24</x_pp_start_grain_fill>
      <y_tt_start_grain_fill units="oCd">1085    1085</y_tt_start_grain_fill>
      <tt_end_grain_fill units="oCd">60</tt_end_grain_fill>
      <tt_maturity units="oCd" description="TT from maturity to harvest ripe">5.0</tt_maturity>
      <x_stem_wt description="stem weight (g/plant)">0      10              </x_stem_wt>
      <y_height description="plant height (mm)">0      700               </y_height>
    </SO95>
    <kangwana cultivar="yes">
      <x_pp_hi_incr units="h">1      24</x_pp_hi_incr>
      <!--    y_hi_incr                =    0.0042 0.0042 ! 0.006  (1/days)        ! rate of HI increase (optional)
       -->
      <y_hi_incr description="0.006  (1/days)        ! rate of HI increase (optional)">0.0056 0.0056 </y_hi_incr>
      <x_hi_max_pot_stress description="maximum harvest index potential">0.0  1.0</x_hi_max_pot_stress>
      <y_hi_max_pot>0.45 0.45</y_hi_max_pot>
      <cumvd_emergence>0      100</cumvd_emergence>
      <tt_emergence units="oCd" description="TT from emergence to end of juvenile phase">5.0     5.0</tt_emergence>
      <est_days_emerg_to_init units="d" description="estimated days from emergence to floral init.">2</est_days_emerg_to_init>
      <x_pp_end_of_juvenile description="photoperiod (h)">12      17              </x_pp_end_of_juvenile>
      <y_tt_end_of_juvenile description="TT from end juvenile to floral initiation">1       5              </y_tt_end_of_juvenile>
      <x_pp_floral_initiation units="h">1      24</x_pp_floral_initiation>
      <y_tt_floral_initiation units="oCd" description="TT from initiation to flowering">680.0  680.0</y_tt_floral_initiation>
      <x_pp_flowering units="h">1      24</x_pp_flowering>
      <y_tt_flowering units="oCd" description="TT from flowering to start grain fill">300.0   300</y_tt_flowering>
      <x_pp_start_grain_fill units="h">1      24</x_pp_start_grain_fill>
      <y_tt_start_grain_fill units="oCd">440  440</y_tt_start_grain_fill>
      <tt_end_grain_fill units="oCd">10</tt_end_grain_fill>
      <tt_maturity units="oCd" description="TT from maturity to harvest ripe">5.0</tt_maturity>
      <x_stem_wt description="stem weight (g/plant)">0      10              </x_stem_wt>
      <y_height description="plant height (mm)">0      700               </y_height>
    </kangwana>
  </Model>
  
</Type>