&,INFO,REG_ID,DS2AP,! Assigned by econ modeling teams,,,,,,,,,,,
&,INFO,STRATUM,1,! Assigned by econ modeling teams,,,,,,,,,,,
&,INFO,RAP_ID,,! Blank for survey simulation,,,,,,,,,,,
&,INFO,MAN_ID,,! Management ID,,,,,,,,,,,
&,INFO,RAP_VER,,! Blank or zero for baseline simulation. Used for changes to RAP from a previous set of simulations.,,,,,,,,,,,
&,INFO,DESCRIPTION,FIELD1,! FIELD=field overlay for filling in regional assumptions,,,,,,,,,,,
&,FILL,SLIC,MULTIPLY(),$SLOC,0.882,,! Inert C,! Depends on organic C ,,,,,,,
&,FILL,SLADR,MULTIPLY(),$SLLL,0.4,,! Air dry,! Depends on Lower limit,,,,,,,
&,FILL,DiffusConst,40,,,,,,,,,,,,
&,FILL,DiffusSlope,16,,,,,,,,,,,,
&,FILL,CONA,3.5,,,,,,,,,,,,
&,FILL,SummerU,6,,,,,,,,,,,,
&,FILL,WinterU,6,,,,,,,,,,,,
&,FILL,apsim_kl,0.06,,,,,,,,,,,,
&,FILL,slacc,0.02,! Microbial SOM fraction,,,,,,,,,,,
&,FILL,SLPHW,7,,,,,,,,,,,,
&,FILL,SDAT,OFFSET_DATE(),$PDATE,-1,,,,,,,,,,
&,FILL,ICDAT,$SDAT,,,,,,,,,,,,
&,FILL,ENDAT,OFFSET_DATE(),$PDATE,200,,,,,,,,,,
