!,Metadata for Overlay,,,,,,,,,,,,,,,
!,Comment,Dome_Name,APSIM-1----FIELD,! Auto-generated from following 6 fields.,,,,,,,,,,,,
!,Used to convert a complete DSSAT experiment to run with APSIM,,,,,,,,,,,,,,,
&,INFO,REG_ID,APSIM,! Assigned by econ modeling teams,,,,,,,,,,,,
&,INFO,STRATUM,1,! Assigned by econ modeling teams,,,,,,,,,,,,
&,INFO,RAP_ID,,! Blank for survey simulation,,,,,,,,,,,,
&,INFO,MAN_ID,,! Management ID,,,,,,,,,,,,
&,INFO,RAP_VER,,! Blank or zero for baseline simulation. Used for changes to RAP from a previous set of simulations.,,,,,,,,,,,,
&,INFO,DESCRIPTION,FIELD,! FIELD=field overlay for filling in regional assumptions,,,,,,,,,,,,
,,,,,,,,,,,,,,,,
!,Planting Event,,,,,,,,,,,,,,,
!,Dome operator,Variable to be modified,Value or Function,Function arguments,,,,,,,,,,,,
!,,model specific cultivar id's,Value,,,,,,,,,,,,,
&,FILL,apsim_cul_id,SC401,,,,,,,,,,,,,
,,,,,,,,,,,,,,,,
!,Soil Parameters,,,,,,,,,,,,,,,
!,,Stable organic C array,Multiply function,stable organic C,multiplier,,,,,,,,,,,
&,FILL,SLSC,MULTIPLY(),$SLOC,0.98,,! Inert C,! Depends on organic C supplied by user,,,,,,,,
!,,Inert organic C array,Multiply function,stable organic C,multiplier,,,,,,,,,,,
&,FILL,SLIC,MULTIPLY(),$SLSC,0.9,,! Inert C,! Depends on stable C calculation,,,,,,,,
&,FILL,SLADR,MULTIPLY(),$SLLL,0.4,,! Air dry,! Depends on Lower limit,,,,,,,,
!,,soil fertility factor for photosynthesis,value,,,,,,,,,,,,,
&,FILL,SLPF,0.92,,,,,,,,,,,,,
&,FILL,DiffusConst,40,,,,,,,,,,,,,
&,FILL,DiffusSlope,16,,,,,,,,,,,,,
&,FILL,CONA,3.5,,,,,,,,,,,,,
&,FILL,SummerU,6,,,,,,,,,,,,,
&,FILL,WinterU,6,,,,,,,,,,,,,
&,FILL,apsim_kl,0.06,,,,,,,,,,,,,
&,FILL,slacc,0.02,! Microbial SOM fraction,,,,,,,,,,,,
&,FILL,SLPHW,7,,,,,,,,,,,,,
,,,,,,,,,,,,,,,,
!,Simulation Controls,,,,,,,,,,,,,,,
!,Dome operator,Variable to be modified,Value or Function,Function arguments,,,,,,,,,,,,
!,,Date for start of simulation,= Planting date - 1,,,,,,,,,,,,,
&,FILL,SDAT,OFFSET_DATE(),$PDATE,-251,,,,,!,,,year,doy,date,
!,,Date for initial conditions,= Start of simulation date,,,,,,,!,4169,4,2004,169,06/17/2004,planting
&,FILL,ICDAT,$SDAT,,,,,,,!,3283,3,2003,283,10/10/2003,start of simulation
!,,Date for end of simulation,= Start of simulation date + 200,,,,,,,!,,,,,251,
&,FILL,ENDAT,OFFSET_DATE(),$PDATE,200,,,,,,,,,,,
